{
    "DESCRIPTION": "Start a Findwords party, a game where you have to find words!",
    "USAGE": "{{prefix}}findwords",
    "EXAMPLES": "{{prefix}}findwords",
    "INVALID_WORD": "{{member}} | Sua palavra não é válida!",
    "GAME_STARTING": ":timer: | O jogo começa em 10 segundos!",
    "FIND_WORD": "20 seconds to find a word containing \"__**{{word}}**__\"!",
    "WORD_FOUND": "Well done {{winner}}! You were the fastest to enter a valid word!",
    "GAME_STATS": "🎉 | {{winner}} won the game!\n\n**Stats:**\n*-* __**Duration**__: {{time}}\n*-* __**Participants**__: {{participants}} ({{participantCount}})**Stats of the game: **\n__**Duration**__: {{duration}}\n__**Number of participants**__ : {{participantCount}}\n__**Participants**__ : \n{{participantList}}",
    "CREDITS": "{{winner}} ganha 15 créditos! 🎉",
    "NO_WINNER_ALL": "No words founds, no one wins!",
    "NO_WINNER": "No words founds, no one wins!"
}