{
    "DESCRIPTION": "Find the right number!",
    "USAGE": "{{prefix}}number",
    "EXAMPLES": "{{prefix}}number",
    "GAME_START": "Número escolhido, você pode começar!",
    "BIG": "{{user}} | My number is **bigger** than `{{number}}`!",
    "SMALL": "{{user}} | My number is **smaller** than `{{number}}`!",
    "WON": "{{winner}} ganhou 10 créditos!",
    "DEFEAT": "Ninguém conseguiu encontrar o número! isso foi **{{number}}**!",
    "GAME_STATS": "🎉 | {{winner}} found the correct number! It was __**{{number}}**__!\n\n**Stats:**\n*-* __**Duration**__: {{time}}\n*-* __**Participants**__: {{participants}} ({{participantCount}})",
    "GAME_RUNNING": "Um jogo já está sendo executado neste servidor!"
}