{
    "DESCRIPTION": "Shows the mentioned user or author profile",
    "USAGE": "{{prefix}}profile [user]",
    "EXAMPLES": "{{prefix}}profile Androz#2091",
    "TITLE": "{{username}}'s profile",
    "NO_BIO": "",
    "BOT_USER": "Bots don't have profile page!",
    "CASH": "💵 Dinheiro",
    "BANK": "💳 Banco",
    "GLOBAL": "🌍 Dinheiro Global",
    "MONEY": "**{{money}}** créditos",
    "REPUTATION": "🎩 Reputação",
    "REP_POINTS": "**{{points}}** pontos",
    "LEVEL": "📊 Level",
    "EXP": "🔮 Experiência",
    "BIRTHDATE": "🎂 Data de nascimento",
    "NO_BIRTHDATE": "Nenhuma data de nascimento disponível",
    "LOVER": "❤ Lover",
    "REGISTERED": "📅 Registrado (a)",
    "NO_LOVER": "Solteiro (a)",
    "ACHIEVEMENTS": "🔥 Conquistas",
    "ACHIEVEMENTS_CONTENT": "Obtenha mais informações com `{{prefix}}achievements`!",
    "BIO": "🔖 Biografia",
    "YOUR_PROFILE": "Seu perfil"
}