{
    "DESCRIPTION": "Tente roubar um membro!",
    "USAGE": "{{prefix}}rob [@membro] [amount]",
    "EXAMPLES": "{{prefix}}rob @Androz#2091 100",
    "YOURSELF": "Você não pode se roubar!",
    "MISSING_MEMBER": "Você deve especificar um membro válido para roubar!",
    "MISSING_AMOUNT": "Please enter a valid amount!",
    "NOT_ENOUGH_AUTHOR": "You must have more than **{{moneyMin}}** credits to attempt this robbery (you have **{{moneyCurrent}}** credits for now)!",
    "NOT_ENOUGH_MEMBER": "You can't try your robbery because **{{username}}** doesn't have as many credits in cash!",
    "COOLDOWN": "🕵️ **{{username}}** está de guarda.... Espere um pouco e tente novamente!",
    "ROB_WON_1": "🎉 | Parabéns! A polícia não foi rápida o suficiente para impedi-lo de roubar**{{money}}** créditos de **{{username}}**!",
    "ROB_WON_2": "😕 | **{{username}}** ? Más notícias. Você acabou de ser roubado**{{money}}** créditos!",
    "ROB_LOSE_1": "🚔 | Ta polícia te pegou em flagrante, impossível negar, sua multa é **{{fine}}** créditos. **{{offset}}** créditos compensados ​​serão pagos a **{{username}}**.",
    "ROB_LOSE_2": "🚓 | Más notícias....**{{username}}** chamou a polícia a tempo. Sua multa é**{{fine}}** créditos e **{{offset}}** créditos compensados ​​serão pagos a **{{username}}**."
}