{
    "DESCRIPTION": "Toca música para você!",
    "USAGE": "{{prefix}}play [musica]",
    "EXAMPLES": "{{prefix}}play Bye Bye",
    "NO_VOICE_CHANNEL": "You must be connected to a voice channel!",
    "VOICE_CHANNEL_CONNECT": "I can't connect to your voice channel!",
    "MISSING_SONG_NAME": "Please specify a song name or a link!",
    "RESULTS_FOOTER": "Please select a song by sending a number between 1 and 10.",
    "NO_RESULT": "Cannot be find on Youtube!",
    "NOW_PLAYING": "Now playing **{{songName}}** :musical_note:",
    "PLAYING_PLAYLIST": "Starting playlist **{{playlistTitle}}**. {{playlistEmoji}}\nPlaying the first song, **{{songName}}**! :musical_note:",
    "CANCELLED": "Selection cancelled",
    "NOT_PLAYING": "No songs are currently playing in this server.",
    "QUEUE_ENDED": "A fila terminou. Não há mais música para tocar...",
    "ADDED_QUEUE": "{{songName}} foi adicionado à fila!",
    "ADDED_QUEUE_COUNT": "{{songCount}} músicas adicionadas à fila!",
    "STOP_DISCONNECTED": "I've just stopped the music as I have been disconnected from the channel."
}
