{
    "DESCRIPTION": "Mostra as estatísticas de Fortnite de um jogador!",
    "USAGE": "{{prefix}}fortnite [psn/xbl/pc] [pseudo]",
    "EXAMPLES": "{{prefix}}fortnite pc Ninja",
    "MISSING_PLATFORM": "Please specify a platform between `psn`, `pc` or `xbl`!",
    "MISSING_USERNAME": "Please enter a valid epic games username!",
    "NOT_FOUND": "`{{search}}` was not found on `{{platform}}`!",
    "TITLE": "{{username}} Estatísticas do Fortnite",
    "AVERAGE_KILLS": "KILLS/MATCH",
    "AVERAGE_KILL": "KILL/MATCH",
    "W_PERCENT": "W%",
    "WIN_PERCENT": "WIN%",
    "KD": "KD",
    "WINS": "Wins",
    "WIN": "Win",
    "MATCHES": "Matches",
    "MATCH": "Match",
    "KILLS": "Kills",
    "KILL": "Kill",
    "FOOTER": "By Atlanta using fortnitetracker.com"
}
