{
    "DESCRIPTION": "Shows information about a Minecraft server!",
    "USAGE": "{{prefix}}minecraft [ip]",
    "EXAMPLES": "{{prefix}}minecraft mc.hypixel.net",
    "MISSING_IP": "Por favor, insira um endereço IP válido!",
    "FAILED": "Este servidor está offline ou bloqueando o acesso!",
    "ONLINE": "Online",
    "OFFLINE": "Offline",
    "PLAYERS": "{{count}} jogadores",
    "FIELD_NAME": "Informações sobre {{ip}}",
    "FIELD_VERSION": "Versão",
    "FIELD_CONNECTED": "Atualmente conectado",
    "FIELD_MAX": "Máximo",
    "FIELD_STATUS": "Status",
    "FIELD_IP": "IP completo"
}