{
    "DESCRIPTION": "Shows the bot stats!",
    "USAGE": "{{prefix}}stats",
    "EXAMPLES": "{{prefix}}stats",
    "COUNTS_TITLE": "• __Statistics__",
    "COUNTS_CONTENT": "`Servidores: {{servers}}`\n`Usuários: {{users}}`",
    "VERSIONS_TITLE": "• __Using__",
    "RAM_TITLE": "• __RAM__",
    "ONLINE_TITLE": "• __Online__",
    "ONLINE_CONTENT": "Online por {{time}}",
    "MUSIC_TITLE": "• __Music__",
    "MUSIC_CONTENT": "Tocando música em `{{count}}` servidores",
    "CREDITS_TITLE": ":heart: • __Reconhecimentos & créditos__",
    "CREDITS_CONTENT": "Thanks to [Icons8](https://icons8.com/) for almost all the emojis!\n__**Donators**__:\n{{donators}}\n__**Translators**__:\n{{translators}}",
    "LINKS_TITLE": "• __Links__",
    "MADE": "Atlanta é um bot de código aberto desenvolvido por Androz#2091!"
}
