{
    "DESCRIPTION": "Translate your text!",
    "USAGE": "{{prefix}}translate [language] [message]",
    "EXAMPLES": "{{prefix}}translate fr Como você está?",
    "LIST_SENT": "The languages list has just been sent to you by private messages!",
    "MISSING_LANGUAGE": "Please enter a language! To display the languages list, type `{{prefix}}translate langs-list`!",
    "INVALID_LANGUAGE": "The language `{{search}}` does not exist! To display the languages list, type `{{prefix}}translate langs-list`!",
    "MISSING_CONTENT": "Por favor, insira um texto a ser traduzido!"
}