{
    "DESCRIPTION": "Mostra informações do usuário!",
    "USAGE": "{{prefix}}userinfo (@user/userID)",
    "EXAMPLES": "{{prefix}}userinfo\n{{prefix}}userinfo @Androz#2091\n{{prefix}}userinfo 422820341791064085",
    "INVALID_USER": "No user on Discord has the `{{search}}` ID!",
    "NO_GAME": "Não jogar",
    "NO_ROLE": "Sem Cargo",
    "NO_NICKNAME": "Sem Apelido",
    "MORE_ROLES": "e {{count}} outros cargos",
    "BOT_STATS": "**{{votes}}** votes ([top.gg](https://top.gg))\n**{{servers}}** servers\n**{{shards}}** shards\nUsing **{{lib}}**"
}