{
    "YES": "Sim",
    "NO": "Não",
    "NOT_DEFINED": "Não definido",
    "AND_MORE": "E mais...",
    "AUTHOR": "Autor",
    "DATE": "Data",
    "CONTENT": "Conteúdo",
    "REASON": "Razão",
    "USER": "Utilizador",
    "CREATION": "Criação",
    "MEMBERS": "Membros",
    "CHANNELS": "Canais",
    "ID": "ID",
    "OWNER": "Dono",
    "USERNAME": "Nome do utilizador",
    "DISCRIMINATOR": "Discriminador",
    "STATS": "Estatísticas",
    "ROBOT": "Robô",
    "AVATAR": "Avatar",
    "GAME": "Jogo",
    "STATUS": "Estado",
    "STATUS_ONLINE": "Em linha",
    "STATUS_OFFLINE": "Fora de linha",
    "STATUS_IDLE": "Ausente",
    "STATUS_DND": "Ocupado",
    "ROLE": "Cargo",
    "ROLES": "Cargos",
    "JOIN": "Entrada",
    "COLOR": "Cor",
    "NICKNAME": "Apelido",
    "DESCRIPTION": "Descrição",
    "WEBSITE": "Site",
    "INVITE": "Convite",
    "SUPPORT": "Suporte",
    "LINKS": "Links",
    "CREDITS": "Créditos",
    "LEVEL": "Nível",
    "POINTS": "Pontos",
    "VICTORY": "Vitória",
    "DEFEAT": "Derrota",
    "MODERATOR": "Moderador",
    "DURATION": "Duração",
    "EXPIRY": "Expiração",
    "TITLE": "Título",
    "SERVERS": "Servidores",
    "PAGE": "Página",
    "MESSAGE": "Mensagem",
    "PROFILE": "Perfil",
    "SETTINGS": "Definições",
    "CONFIGURATION": "Configuração",
    "PREFIX": "Prefixo",
    "LANGUAGE": "Idioma",
    "CHANNEL": "Canal",
    "UPDATE": "Atualizar",
    "SUGGESTIONS": "Sugestões",
    "MODLOGS": "Registos de moderação",
    "FORTNITESHOP": "Loja de Fortnite",
    "NO_CHANNEL": "Nenhum canal",
    "REPORTS": "Denúncias",
    "DISCONNECT": "Desconectar"
}