{
    "FIRST_LOGIN": "{{user}} logged on to the dashboard for the first time! :tada:",
    "NOT_FOUND": "Ups! Página não encontrada.",
    "NOT_FOUND_CONTENT": "Não encontramos a página que estavas à procura. Enquanto isso, podes voltar ao painel ou tentar usar o formulário de pesquisa.",
    "ERR_OCCURRED": "Ups! Algo deu errado.",
    "ERR_OCCURRED_CONTENT": "Vamos tentar corrigir isso imediatamente. Enquanto isso, podes voltar ao seletor ou tentar usar o formulário de pesquisa.",
    "SEARCH": "Search for servers...",
    "SERVERS_LIST": "Lista de servidores",
    "SERVERS_MANAGEMENT": "Gerenciamento de servidores",
    "NO_SERVER": "Nenhum servidor encontrado",
    "NO_SERVER_CONTENT": "Nenhum servidor para exibir. Verifica se estás conectado com a conta correta e tenta novamente.",
    "BASIC_CONF": "📝 Configuração básica",
    "WELCOME_CONF": "👋 Mensagens de saudação",
    "GOODBYE_CONF": "😢 Mensagens de despedida",
    "WELCOME_IMG": "👋 Welcome image",
    "GOODBYE_IMG": "😢 Goodbye image",
    "CHANNELS_CONF": "🌀 Canais especiais",
    "AUTOROLE_CONF": "🎖️ Cargo automático",
    "DISABLE_MESSAGES": "Desabilitar mensagens",
    "ENABLE_MESSAGES": "Habilitar mensagens",
    "DISABLE_AUTOROLE": "Desabilitar cargo automático",
    "ENABLE_AUTOROLE": "Habilitar cargo automático",
    "SELECTOR": "Seletor",
    "MANAGE": "Gerir"
}
