{
    "ERR_OCCURRED": "Something went wrong... Please retry again later!",
    "PLEASE_WAIT": "Aguarda alguns segundos...",
    "COMMAND_DISABLED": "Este comando está desabilitado no momento!",
    "TIMES_UP": "Acabou o tempo! Envie o comando novamente!",
    "INVALID_YES_NO": "Deves enviar \"yes\" ou \"no\"!",
    "INVALID_CHANNEL": "Especifica um canal válido!",
    "INVALID_TIME": "You must enter a valid time! Available units: `s`, `m`, `h` or `d`",
    "INVALID_NUMBER": "Especifica um número válido!",
    "INVALID_NUMBER_RANGE": "Especifica um número válido entre**{{min}}** e **{{max}}**!",
    "STATS_FOOTER": "[Painel]({{dashboardLink}}) ● [Doar]({{donateLink}}) ● [Convite]({{inviteLink}}) ● [Servidor de Suporte]({{supportLink}}) ● [Github]({{githubLink}})",
    "BOT_USER": "Este utilizador é um bot!",
    "NO_REASON_PROVIDED": "Nenhuma razão fornecida",
    "NO_USER_FOUND_ID": "Nenhum utilizador no Discord tem o ID `{{id}}`!",
    "VOTE_DM": "⬆️ Hello {{user}}, thanks for voting!\nHere's your reward: 40 credits (on the support server)!",
    "VOTE_LOGS": "⬆️ **{{usertag}}** (`{{userid}}`) votou em **Atlanta** e ganhou **40** créditos, obrigado!\n<https://discordbots.org/bot/557445719892688897/vote>",
    "HELLO_SERVER": "Hello **{{username}}**, my prefix on this server is `{{prefix}}`. Use `{{prefix}}help` to get the list of the commands!",
    "HELLO_DM": "Olá **{{username}}**, como está atualmente nas mensagens privadas, não precisas adicionar um prefixo antes do nome do comando.",
    "GUILD_ONLY": "Este comando está disponível apenas em um servidor!",
    "MISSING_BOT_PERMS": "Eu preciso das seguintes permissões para executar este comando: {{list}}",
    "MISSING_MEMBER_PERMS": "Precisas das seguintes permissões para executar este comando: {{list}}",
    "RESTRICTED_CHANNEL": "Comandos não são permitidos no canal {{channel}}!",
    "EVERYONE_MENTION": "Não tens permissão para mencionar \"everyone\" ou \"here\" nos comandos.",
    "NSFW_COMMAND": "Execute executar este comando em um canal que permita conteúdo NSFW!",
    "OWNER_ONLY": "Somente o dono de Atlanta pode executar estes comandos!",
    "COOLDOWNED": "Deve esperar **{{seconds}}** segundo(s) para poder executar este comando novamente!",
    "CANNOT_DM": "Eu não tenho permissão para enviar-te mensagens privadas... Habilite-as nas tuas definições de privacidade!"
}