{
    "DESCRIPTION": "Bana um membro mencionado!",
    "USAGE": "{{prefix}}ban [@menção-do-utilizador] (razão)",
    "EXAMPLES": "{{prefix}}ban @Androz#2091 Spam",
    "MISSING_MEMBER": "Especifica um membro válido para banir!",
    "YOURSELF": "Não podes te sancionar!",
    "SUPERIOR": "You can't sanction or update a sanction for a member who has an higher or equal role hierarchy to yours!",
    "ALREADY_BANNED": "**{{username}}** já foi banido!",
    "MISSING_PERM": "An error has occurred... Please check that I have the permission to ban this specific member and try again!",
    "BANNED_DM": "Hello {{username}},\nYou have just been banned from **{{server}}** by **{{moderator}}** because of **{{reason}}**!",
    "BANNED": "**{{username}}** has just been banned from **{{server}}** by **{{moderator}}** because of **{{reason}}**!",
    "CASE": "Banimento | Caso #{{count}}"
}