{
    "DESCRIPTION": "Quickly delete multiple messages!",
    "USAGE": "{{prefix}}clear [números-de-mensagens] (@membro)",
    "EXAMPLES": "{{prefix}}clear 10\n{{prefix}}clear 10 @Androz#2091",
    "MISSING_AMOUNT": "Deves especificar um número de mensagens para excluir!",
    "ALL_CONFIRM": "All the channel messages will be deleted! To confirm type `-confirm`",
    "CHANNEL_CLEARED": "Canal limpo!",
    "CLEARED": "**{{amount}}** were messages deleted!",
    "CLEARED_MEMBER": "**{{amount}}** messages of **{{username}}** were deleted!"
}