{
    "DESCRIPTION": "Easily manage your giveaways!",
    "USAGE": "{{prefix}}giveaway [create/reroll/delete/end] (tempo) (número de vencedores) (premio)",
    "EXAMPLES": "{{prefix}}giveaway create 10m 2 5$ PayPal!\n{{prefix}}giveaway reroll 597812898022031374",
    "MISSING_STATUS": "You must specify an action between `create`, `reroll`, `end` or `delete`!",
    "INVALID_CREATE": "You must enter the information like this: \n\n`{{prefix}}giveaway create [time] [winners count] [prize]`",
    "MISSING_ID": "You must enter the giveaway message ID!",
    "NOT_FOUND": "Nenhum sorteio encontrado com o ID de `{{messageID}}`",
    "NOT_FOUND_ENDED": "Nenhum sorteio **finalizado** encontrado com o ID de `{{messageID}}`",
    "MAX_DURATION": "A duração máxima de um sorteio é de 15 dias.",
    "MAX_COUNT": "There can only be 4 simultaneous giveaways.",
    "TITLE": "🎉🎉 **SORTEIO** 🎉🎉",
    "ENDED": "🎉🎉 **SORTEIO FINALIZADO** 🎉🎉",
    "TIME_REMAINING": "Tempo restante: **{duration}**!",
    "INVITE_PARTICIPATE": "Reaja com 🎉 para participar!",
    "WIN_MESSAGE": "Parabéns, {winners}! Ganhaste **{prize}**!",
    "FOOTER": "Sorteios",
    "NO_WINNER": "Sorteio cancelado, sem participação válida.",
    "WINNERS": "vencedor(es)",
    "END_AT": "Termina em",
    "REROLL_CONGRAT": "🎉 Novo(s) vencedor(es): {winners}! Parabéns!",
    "REROLL_ERROR": "Nenhuma entrada válida, nenhum vencedor pode ser escolhido!",
    "GIVEAWAY_CREATED": "Sorteio criado!",
    "GIVEAWAY_REROLLED": "Sorteio re-sorteado!",
    "GIVEAWAY_ENDED": "The giveaway will end in less than 15 seconds!",
    "GIVEAWAY_DELETED": "Sorteio excluído!"
}
