{
    "DESCRIPTION": "Adicionar um emoji em seu server!",
    "USAGE": "{{prefix}}addemoji [image-url] [nome]",
    "EXAMPLES": "{{prefix}}addemoji https://via.placeholder.com/150 test-emoji",
    "MISSING_URL": "Por favor forneça o link de uma imagem!",
    "MISSING_NAME": "Por favor forneça o nome para o emoji!",
    "INVALID_NAME": "The length of the emoji name must be between 2 and 32!",
    "SUCCESS": ":{{emojiName}}: added!",
    "ERROR": "{{emojiName}} não pode ser adicionado. Verifique se seu servidor ainda tem espaço para novos emojis!"
}