{
    "DESCRIPTION": "Toggle Discord invites automatic deletion",
    "USAGE": "{{prefix}}automod [on/off] (#canal)",
    "EXAMPLES": "{{prefix}}automod on\n{{prefix}}automod off #geral\n{{prefix}}automod off",
    "MISSING_STATUS": "Please enter a valid value between `on` and `off`",
    "ENABLED": "**Discord invites will be automatically deleted!**\n\n:arrow_right_hook: *Send `{{prefix}}automod off #channel` to ignore a channel!*",
    "DISABLED_CHANNEL": "Auto-moderation will no longer be performed in {{channel}}!",
    "DISABLED": "Tudo certo! A moderação automática não está mais ativa neste servidor!",
    "DELETED": "Sua mensagem foi excluída porque convites do Discord não são permitidos neste servidor!"
}