{
    "DESCRIPTION": "Alternar autorole no servidor!",
    "USAGE": "{{prefix}}autorole [on/off] (cargo)",
    "EXAMPLES": "{{prefix}}autorole on @Membros\n{{prefix}}autorole off",
    "MISSING_STATUS": "Especifique um valor válido entre `on` e `off`",
    "MISSING_ROLE": "Especifique uma função válida!",
    "SUCCESS_ENABLED": "Autorole ativado! Novos membros receberão automaticamente a função **{{roleName}}**.",
    "ALREADY_DISABLED": "**A autorole já está desabilitada.**\n\n:arrow_right_hook: *Send `{{prefix}}autorole on @YourRole` para habilitá-lo novamente!*",
    "SUCCESS_DISABLED": "**Autorole desabilitada.**\n\n:arrow_right_hook: *envie `{{prefix}}configuration` para ver a configuração atualizada!*"
}