{
    "DESCRIPTION": "Gerencie seus backups de servidor de forma eficiente!",
    "USAGE": "{{prefix}}backup [create/load/infos]",
    "EXAMPLES": "{{prefix}}backup criado\n{{prefix}}backup carregado 558328638911545423\n{{prefix}}backup infos 558328638911545423",
    "MISSING_STATUS": "Selecione uma ação entre: `create`, `load` and `info`!",
    "MISSING_BACKUP_ID": "Insere um ID de backup!",
    "NO_BACKUP_FOUND": "Nenhum backup encontrado com o ID `{{backupID}}`",
    "TIMES_UP": "Acabou o tempo! Carregamento do backup cancelado!",
    "SUCCESS_PUBLIC": "Backup criado com sucesso! O ID de backup foi enviado a você em mensagens privadas!",
    "SUCCESS_PRIVATE": "Aqui está seu ID de backup: `{{backupID}}`, use-o para carregar seu backup em outro servidor!",
    "CONFIRMATION": ":warning: | **Carregar um backup substituirá o servidor real pelo salvo.**\n\n:arrow_right_hook: *Responda enviando `confirm` para confirmar esta ação!*",
    "START_LOADING": "Carregamento de backup iniciado!",
    "LOAD_SUCCESS": "Backup carregado com sucesso!",
    "TITLE_INFOS": "Backup Information",
    "TITLE_ID": "ID",
    "TITLE_SERVER_ID": "ID do servidor",
    "TITLE_SIZE": "Tamanho",
    "TITLE_CREATED_AT": "Criado a"
}