{
    "DESCRIPTION": "Mostra a configuração do servidor!",
    "USAGE": "{{prefix}}configuration",
    "EXAMPLES": "{{prefix}}configuration",
    "PREFIX_TITLE": "Prefixo do servidor",
    "IGNORED_CHANNELS_TITLE": "Canal/is ignorado(s)",
    "NO_IGNORED_CHANNELS": "Nenhum canal ignorado.",
    "AUTOROLE_TITLE": "Cargo automático",
    "AUTOROLE_CONTENT": "Cargo: {{roleName}}",
    "AUTOROLE_DISABLED": "Cargo automático desabilitado.",
    "WELCOME_TITLE": "Bem-vindo/a",
    "WELCOME_CONTENT": "Canal: {{channel}}\nImagem: {{withImage}}",
    "WELCOME_DISABLED": "Mensagens de saudação desabilitadas.",
    "GOODBYE_TITLE": "Adeus",
    "GOODBYE_CONTENT": "Canal: {{channel}}\nImagem: {{withImage}}",
    "GOODBYE_DISABLED": "Mensagens de despedida desabilitadas.",
    "SPECIAL_CHANNELS": "Canais especiais",
    "MODLOGS": "Moderation logs: *{{channel}}*",
    "FORTNITESHOP": "Fortnite daily shop: *{{channel}}*",
    "SUGGESTIONS": "Suggestions: *{{channel}}*",
    "REPORTS": "Reports: *{{channel}}*",
    "AUTOMOD_TITLE": "Auto-moderation:",
    "AUTOMOD_CONTENT": "Auto-moderation enabled.\n*Ignored channels: {{channels}}*",
    "AUTOMOD_DISABLED": "Moderação automática desabilitada.",
    "AUTODELETEMOD": "Comandos de moderação de exclução automática",
    "AUTODELETEMOD_ENABLED": "Automatic moderation commands deletion.",
    "AUTODELETEMOD_DISABLED": "Automatic moderation commands deletion disabled.",
    "DASHBOARD_TITLE": "Edit your configuration:",
    "DASHBOARD_CONTENT": "Clica aqui para ir pro painel!",
    "AUTO_SANCTIONS": "Sanções automáticas",
    "KICK_CONTENT": "__Kick:__ After **{{count}}** warnings.",
    "KICK_NOT_DEFINED": "__Kick:__ Not defined.",
    "BAN_CONTENT": "__Ban:__ After **{{count}}** warnings.",
    "BAN_NOT_DEFINED": "__Ban:__ Not defined."
}
