{
    "DESCRIPTION": "Toggle goodbye messages!",
    "USAGE": "{{prefix}}goodbye",
    "EXAMPLES": "{{prefix}}goodbye",
    "DEFAULT_MESSAGE": "Adeus {user}! Somos agora {membercount} sem você... :'(",
    "TEST_SUCCESS": "Teste executado!",
    "FORM_1": "**Em qual canal serão enviadas as mensagens de despedida?**\n\n:arrow_right_hook: *Responda mencionando um canal!*",
    "FORM_2": "**Por favor, digite sua mensagem de adeus desejada.**\n\n**If you want to:**\n*-* __Mention the user__: {user}\n*-* __Get the member count__: {membercount}\n*-* __Get the server name__: {server}\n\n**Usage example:**\nGoodbye {user}, we will miss you! We are now {membercount}.\n:fast_forward:\nGoodbye {{author}}, we will miss you! We are now {{memberCount}}.",
    "FORM_3": "**Do you want a great goodbye image too?**\n\n:arrow_right_hook: *Answer by sending `yes` or `no`!*",
    "FORM_SUCCESS": "**Alright, done!**\n\n:arrow_right_hook: *Answer by sending `{{prefix}}goodbye test` to preview your custom goodbye message!*",
    "MAX_CHARACT": "A sua mensagem não deve exceder 1800 caracteres!",
    "DISABLED": "**Goodbye messages have just been disabled!**\n\n:arrow_right_hook: *Answer by sending `{{prefix}}configuration` to see the updated server configuration!*",
    "IMG_GOODBYE": "Saiu do {{server}}!",
    "IMG_NB": "- {{memberCount}}° membro!",
    "TITLE": "ADEUS"
}