{
    "DESCRIPTION": "Set a channel cooldown",
    "USAGE": "{{prefix}}slowmode [#canal] (tempo)",
    "EXAMPLES": "{{prefix}}slowmode #geral 10m\n{{prefix}}slowmode #geral",
    "DISABLED": "**Slow-mode has just been disabled in {{channel}}!**\n\n:arrow_right_hook: *Send `{{prefix}}slowmode [#channel] (time)` to enable it again!*",
    "ENABLED": "**A slow-mode of `{{time}}` has just been enabled in `{{channel}}`!**\n\n:arrow_right_hook: *Send `{{prefix}}slowmode {{channel}}` to disable it!*",
    "PLEASE_WAIT": "Channel {{channel}} is in slowmode! Please wait {{time}} between each message!"
}